Place,Summer,Autumn,Winter,Spring
ADELAIDE-KENT-TOWN,30.03266666666667,24.290666666666663,17.232499999999998,23.273833333333332
